borrower_id,borrower_name,email,phone
1,Aarav Sharma,aarav.sharma1@example.com,9895822412
2,Priya Iyer,priya.iyer2@example.com,9824942603
3,Rahul Verma,rahul.verma3@example.com,9813356886
4,Ananya Singh,ananya.singh4@example.com,9846913810
5,Karthik Nair,karthik.nair5@example.com,9842868828
6,Sneha Patel,sneha.patel6@example.com,9839958838
7,Vikram Kumar,vikram.kumar7@example.com,9828728463
8,Meera Joshi,meera.joshi8@example.com,9823756669
9,Arjun Reddy,arjun.reddy9@example.com,9883197857
10,Divya Gupta,divya.gupta10@example.com,9821668732
11,Rohit Menon,rohit.menon11@example.com,9889254563
12,Pooja Khan,pooja.khan12@example.com,9866629388
13,Siddharth Banerjee,siddharth.banerjee13@example.com,9814265799
14,Kavya Mehta,kavya.mehta14@example.com,9813999315
15,Aditya Rao,aditya.rao15@example.com,9822575562
16,Neha Pillai,neha.pillai16@example.com,9839345092
17,Manish Chatterjee,manish.chatterjee17@example.com,9841227216
18,Ritu Desai,ritu.desai18@example.com,9877827638
19,Sanjay Bose,sanjay.bose19@example.com,9890801586
20,Anjali Kapoor,anjali.kapoor20@example.com,9813561597
21,Vivek Sharma,vivek.sharma21@example.com,9885329037
22,Riya Iyer,riya.iyer22@example.com,9836687537
23,Aakash Verma,aakash.verma23@example.com,9897226012
24,Shreya Singh,shreya.singh24@example.com,9883140807
25,Nikhil Nair,nikhil.nair25@example.com,9866306997
26,Tanvi Patel,tanvi.patel26@example.com,9839587039
27,Harsh Kumar,harsh.kumar27@example.com,9870291817
28,Isha Joshi,isha.joshi28@example.com,9889089901
29,Yash Reddy,yash.reddy29@example.com,9847338124
30,Aishwarya Gupta,aishwarya.gupta30@example.com,9810872248
31,Dhruv Menon,dhruv.menon31@example.com,9831429110
32,Mira Khan,mira.khan32@example.com,9866722344
33,Kabir Banerjee,kabir.banerjee33@example.com,9855667651
34,Naina Mehta,naina.mehta34@example.com,9847295260
35,Aryan Rao,aryan.rao35@example.com,9830868105
36,Vihaan Saxena,vihaan.saxena@example.com,0000000000
37,Mahira Bose,mahira.bose@example.com,0000000000
